{
    "gamma": 0.40200752434343634,
    "duty_cycle": 0.7990842632899753,
    "coupling_w": 0.31242800881518046,
    "mu_r0": 0.06786284963561033,
    "mu_o0": 0.2706322563377612,
    "psi_1": -0.5813383644568673,
    "mu_r1": 0.05800405266715873,
    "mu_o1": 0.8418126106695742,
    "psi_2": -0.4843680602842364,
    "mu_r2_1": 0.5070533238126967,
    "mu_r2_2": 0.6683799528538874,
    "mu_o2": 1.331103614644085
}