{
    "gamma": 0.5429016707505538,
    "duty_cycle": 0.2576452437445995,
    "coupling_w": 0.853840944067118,
    "mu_r0": 0.1955094063787922,
    "mu_o0": -0.26732800923908007,
    "psi_1": -0.2874577463437469,
    "mu_r1": 0.28083523271080985,
    "mu_o1": 0.3790444951752648,
    "psi_2": -0.3965051750981277,
    "mu_r2_1": 0.5260644312677943,
    "mu_r2_2": 0.38262038040477125,
    "mu_o2": 1.228356928418962
}