{
    "gamma": 0.4983464978443671,
    "duty_cycle": 0.48643778896097634,
    "coupling_w": 1.1239971156055224,
    "mu_r0": 0.4110900607333899,
    "mu_o0": 0.0801444291772424,
    "psi_1": -0.3975882441348184,
    "mu_r1": 0.08975990766194238,
    "mu_o1": 0.3981362481508178,
    "psi_2": -0.04359543183176267,
    "mu_r2_1": 0.6235286556081454,
    "mu_r2_2": 0.002974204011136583,
    "mu_o2": 0.9480682261511616
}